Player,Pos,Age,MP,Starts,Min,90s,Gls,Ast,xG
Obed Vargas\9cc1fde4,FW,15,1,1,76,0.8,0,0,0.0
Cole Turner\30ec7b37,DF,19,1,0,7,0.1,0,0,0.0
Dantouma Toure\b5d2014f,FW,16,1,0,4,0.0,0,0,0.0
Andrew Tarbell\c5487a34,GK,27,1,1,90,1.0,0,0,0.0
Omar Sowe\310fd6d8,FW,20,1,0,21,0.2,0,0,0.0
Damien Rivera\2822f3dd,MF,18,1,0,29,0.3,0,0,0.0
Justin Rennicks\0aaa1c04,FW,21,1,0,2,0.0,0,0,0.0
Álvaro Quezada\621a4365,DF,21,1,0,22,0.2,0,0,0.0
Kyle Morton\3f394ec5,GK,26,1,1,90,1.0,0,0,0.0
Lucas Monzón\312755e2,DF,19,1,0,23,0.3,0,0,0.0
Alex Monis\66db9e72,FW,17,1,0,19,0.2,0,0,0.0
David Loera\0fae98f1,MF,22,1,0,22,0.2,0,0,0.0
Niccolo Lemoine\8ccbbaf8,FW,20,1,1,59,0.7,0,0,0.0
Foster Langsdorf\48319bb3,FW,25,1,0,33,0.4,0,0,0.1
Ismaila Jome\26f559ba,DF,26,1,0,6,0.1,0,0,0.0
Clint Irwin\c1205184,GK,31,1,1,90,1.0,0,0,0.0
Milan Iloski\4f87c75f,FW,21,1,0,2,0.0,0,0,0.0
Jack Gurr\2ade3d9e,DF,25,1,0,45,0.5,0,0,0.0
Liam Fraser\d784062b,MF,22,1,0,32,0.4,0,0,0.0
Julian Dunn-Johnson\220b5800,DF,20,1,1,90,1.0,0,0,0.0
Josh Drack\98a70879,MF,21,1,0,1,0.0,0,0,0.0
Irakoze Donasiyano\6195efdb,MF,22,1,0,28,0.3,0,0,0.0
Matheus Davó\e48e1310,FWMF,21,1,0,19,0.2,0,0,0.1
Jacob Davis\79d3a503,MF,19,1,0,2,0.0,0,0,0.0
Mario Daniel Vega\6904a59a,GK,36,1,1,90,1.0,0,0,0.0
Cody Cropper\aa133046,GK,27,1,1,90,1.0,0,0,0.0
José Bizama\fbcb25ab,DF,26,1,1,90,1.0,0,0,0.0
Sebastian Anderson\3a9911ce,DF,18,1,0,32,0.4,0,0,0.0
Ventura Alvarado\4c219392,DF,28,1,0,14,0.2,0,0,0.0
Robert Castellanos\e620dcbb,DF,22,1,1,90,1.0,1,0,0.1
Rida Zouhir\e1e65f24,MF,17,2,0,17,0.2,0,0,0.0
Owen Wolff\9edc70d6,MFFW,16,2,0,9,0.1,0,0,0.0
Patrick Weah\ae2ee5a5,FW,17,2,0,22,0.2,0,0,0.3
Alex Villanueva\c168f022,DFFW,18,2,0,9,0.1,0,0,0.0
Ballou Tabla\018bd079,DFMF,21,2,0,21,0.2,0,0,0.1
Ben Sweat\6937b1ac,DF,29,2,2,91,1.0,0,0,0.0
Hunter Sulte\92823044,GK,18,2,1,113,1.3,0,0,0.0
Spencer Richey\d9178ea2,GK,28,2,2,180,2.0,0,0,0.0
Justin Portillo\b7aa9657,MF,28,2,0,14,0.2,0,0,0.0
Rodrigo Piñeiro\d2a78b5e,MF,21,2,0,11,0.1,0,0,0.0
Joshua Penn\29c8decb,FW,20,2,0,20,0.2,0,0,0.0
Jason Pendant\22fe9049,DF,23,2,0,13,0.1,0,0,0.0
Michee Ngalina\9837830f,FW,20,2,1,52,0.6,0,0,0.1
Jordan Morris\bd298d0d,FWMF,26,2,0,76,0.8,0,0,0.0
Aimé Mabika\3a37d349,DF,22,2,2,180,2.0,0,0,0.0
Lisandro López\bc55bb5a,FW,37,2,2,140,1.6,0,0,0.2
Adam Grinwis\0d3f30b9,GK,28,2,2,180,2.0,0,0,0.0
Mandela Egbo\5603d397,DF,23,2,0,31,0.3,0,0,0.0
Juan Castillo\bd538c54,MF,16,2,0,12,0.1,0,0,0.0
Javier Casas\2ed8d81b,MF,17,2,0,56,0.6,0,0,0.0
Matheus Aiás\3ac4ee49,FWMF,24,2,0,15,0.2,0,0,0.0
Samuel Adeniran\86429529,FWMF,22,2,1,59,0.7,0,0,0.2
Danilo Acosta\41f720a5,DF,23,2,0,63,0.7,0,0,0.0
Florian Valot\ad454d78,MFDF,27,3,1,95,1.1,0,0,0.0
Kimarni Smith\bbbb244b,FW,22,3,1,100,1.1,0,0,0.1
Andrew Putna\5ba8a3f3,GK,26,3,2,225,2.5,0,0,0.0
Roberto Punčec\a97afc61,DF,29,3,2,130,1.4,0,0,0.1
Jonathan Perez\41e57408,FWDF,18,3,0,14,0.2,0,0,0.0
Vuk Latinovich\5c0e047a,DF,23,3,1,95,1.1,0,0,0.0
Franko Kovačević\dbe0034f,FW,21,3,0,41,0.5,0,0,0.0
Jonathan Klinsmann\1e29552f,GK,23,3,3,270,3.0,0,0,0.0
Freddy Kleemann\e068bed0,DF,21,3,0,49,0.5,0,0,0.0
Logan Ketterer\927c3059,GK,27,3,3,270,3.0,0,0,0.0
Kamron Habibullah\4deda098,MFFW,17,3,0,36,0.4,0,0,0.0
Alejandro Fuenmayor\77edb7ec,DF,24,3,3,270,3.0,0,0,0.0
Joe Bendik\c3e50b67,GK,31,3,2,212,2.4,0,0,0.0
Jeff Attinella\4277b946,GK,32,3,2,170,1.9,0,0,0.0
Raul Aguilera Jr.\7b6113d9,MF,21,3,0,95,1.1,0,0,0.0
Dayne St. Clair\3f41d25f,GK,23,4,4,360,4.0,0,0,0.0
Erik Sorga\02ba67a2,FW,21,4,3,249,2.8,0,0,0.4
Chris Seitz\8b388dd5,GK,33,4,4,360,4.0,0,0,0.0
Kyle Scott\1c24aacf,MF,23,4,1,92,1.0,0,0,0.1
Andy Polo\d886b9b9,FWMF,26,4,3,184,2.0,0,0,0.0
Tom Pettersson\c1268aa3,DF,30,4,4,359,4.0,0,0,0.8
Alexandre Pato\7dd83c7d,FWMF,31,4,1,107,1.2,0,0,0.5
Arquimides Ordonez\8941d9b2,FWDF,17,4,0,40,0.4,0,0,0.0
Oliver Larraz\ecdbe767,MFFW,19,4,0,24,0.3,0,0,0.2
Jordan Harvey\bb78f8a5,DF,37,4,0,9,0.1,0,0,0.0
Carlos Harvey\3f18600c,MF,20,4,1,138,1.5,0,0,0.0
Siad Haji\9212f1cb,FWMF,21,4,0,49,0.5,0,0,0.1
Marcus Godinho\27854bf6,DF,23,4,1,115,1.3,0,0,0.1
Chris Gloster\01cd3c12,DF,20,4,1,69,0.8,0,0,0.0
Chris Duvall\39fae08b,DF,29,4,0,89,1.0,0,0,0.0
Amadou Dia\1650e261,DF,27,4,1,104,1.2,0,0,0.0
Jordy Delem\12e3a5f4,MFDF,27,4,1,37,0.4,0,0,0.0
Alex DeJohn\2a6c024c,DF,29,4,1,125,1.4,0,0,0.1
Luís Caicedo\008ddeb9,MF,24,4,2,191,2.1,0,0,0.0
Handwalla Bwana\b56080ee,FW,23,4,1,98,1.1,0,0,0.6
Evan Bush\69a57596,GK,34,4,4,360,4.0,0,0,0.0
Reed Baker-Whiting\816d7aec,MFFW,15,4,2,201,2.2,0,0,0.8
Theo Bair\c724745e,FW,21,4,0,30,0.3,0,0,0.0
Edison Azcona\05f54837,FW,17,4,0,50,0.6,0,0,0.0
Mikey Ambrose\f649d6aa,DFMF,27,4,1,65,0.7,0,0,0.0
Kwadwo Opoku\226a288e,FW,19,4,2,250,2.8,0,1,0.2
Dylan Nealis\24f4dd87,DF,22,4,2,150,1.7,0,1,0.0
Mason Stajduhar\f01df62c,GK,23,5,5,450,5.0,0,0,0.0
Tony Rocha\85538cdd,MFFW,27,5,0,28,0.3,0,0,0.7
Kaveh Rad\ec7cb356,DF,19,5,2,246,2.7,0,0,0.0
Alvas Powell\2f91124d,DF,26,5,4,310,3.4,0,0,0.1
Aaron Long\46b89640,DF,28,5,5,450,5.0,0,0,0.3
Perry Kitchen\19ec49ee,MF,28,5,3,204,2.3,0,0,0.1
Alec Kann\4a8af93c,GK,30,5,5,450,5.0,0,0,0.0
Aljaž Ivačič\4d6e50d8,GK,27,5,4,411,4.6,0,0,0.0
Ilsinho\aa8683ae,DFMF,35,5,0,83,0.9,0,0,0.2
Danny Hoesen\5ef1939b,FW,30,5,5,304,3.4,0,0,1.4
Derek Cornelius\577744b8,DFFW,23,5,1,145,1.6,0,0,0.0
Brandon Austin\5e253986,GK,22,5,5,450,5.0,0,0,0.0
Daniel Aguirre\ecc5063f,MFFW,21,5,0,34,0.4,0,0,0.2
Luis Barraza\e6f22a6b,GK,24,5,5,450,5.0,0,1,0.0
Brian White\54c948de,MFFW,24,5,3,194,2.2,0,1,0.2
Dominique Badji\758ac389,FW,28,5,2,188,2.1,0,1,1.1
Nathan Harriel\b3edbeff,DF,19,5,2,180,2.0,0,1,0.3
Jordan Perruzza\edc8791f,FW,20,5,0,140,1.6,1,0,1.0
Matko Miljevic\74b76abc,FWMF,19,5,2,141,1.6,1,0,0.1
Joseph Rosales\6a29d06b,MFFW,20,6,0,112,1.2,0,0,0.0
John Pulskamp\6b306c92,GK,19,6,6,540,6.0,0,0,0.0
Isaiah Parente\6dbc74d6,MFFW,20,6,2,213,2.4,0,0,0.0
Douglas Martinez\3e7ebb9a,FW,23,6,0,55,0.6,0,0,0.0
Brad Knighton\9903a3cb,GK,35,6,6,540,6.0,0,0,0.0
Cal Jennings\44f6672a,FW,23,6,2,129,1.4,0,0,0.5
Ian Hoffmann\c0243229,DF,19,6,2,250,2.8,0,0,0.0
Michael Halliday\6ad5f50e,DF,18,6,4,381,4.2,0,0,0.1
Matt Freese\2f49476c,GK,22,6,6,506,5.6,0,0,0.0
Kalil ElMedkhar\272c1aaf,FWMF,21,6,0,124,1.4,0,0,0.0
Jesús Daniel Bueno\b5687b08,MF,21,6,0,31,0.3,0,0,0.0
Artur\ea6803c7,MF,24,6,5,431,4.8,0,0,0.4
Mo Adams\00362ef7,MF,24,6,2,148,1.6,0,0,0.0
Luke Singh\9ae196a0,DF,20,6,5,446,5.0,1,0,0.8
Felipe Hernandez\31a4d0b8,MF,22,6,4,407,4.5,1,2,1.4
Christian Ramirez\316d5521,FW,29,6,1,91,1.0,1,0,0.1
Dante Sealy\620ae69c,FWMF,17,6,0,68,0.8,1,0,0.6
Gedion Zelalem\b15ac68f,MF,24,7,1,102,1.1,0,0,0.0
Tyler Wolff\0985c282,MFFW,17,7,2,226,2.5,0,0,0.0
Augustine Williams\8bb1c744,FW,23,7,0,89,1.0,0,0,0.1
Tanner Tessmann\ac277993,MF,19,7,6,449,5.0,0,0,0.2
Amar Sejdic\43ca2019,MF,24,7,4,388,4.3,0,0,0.0
Noah Powder\503561e4,DF,22,7,2,284,3.2,0,0,0.3
Jayden Nelson\92305a81,FWMF,18,7,3,250,2.8,0,0,0.3
Zac MacMath\06caac45,GK,29,7,7,585,6.5,0,0,0.0
Héber\d552c4a1,FW,29,7,0,100,1.1,0,0,0.4
Thomas Hasal\86bac87b,GK,21,7,7,630,7.0,0,0,0.0
Cameron Harper\4a78c769,FWDF,19,7,0,100,1.1,0,0,0.1
Stuart Findlay\edffe99a,DF,25,7,4,376,4.2,0,0,0.3
Ethan Dobbelaere\1e772b7c,DFMF,18,7,2,181,2.0,0,0,0.0
Youba Diarra\d61759ec,MF,22,7,1,124,1.4,0,0,0.0
Corey Baird\2d0d1442,FW,25,7,4,362,4.0,0,0,0.9
Emerson Hyndman\3be1a627,MFFW,24,7,7,619,6.9,1,1,0.9
Erik Hurtado\b11e6f2b,FW,30,7,2,287,3.2,0,1,0.9
Steven Moreira\f10983ae,DF,26,7,6,526,5.8,0,2,0.0
Justin McMaster\7256a113,FWMF,21,7,0,134,1.5,0,1,0.3
D.J. Taylor\ed4dc7f4,DF,23,8,6,624,6.9,0,0,0.1
Pablo Sisniega\550557e1,GK,25,8,8,720,8.0,0,0,0.0
Matthew Real\1c2c030a,DFMF,21,8,1,151,1.7,0,0,0.0
Ashtone Morgan\caece619,DF,29,8,4,374,4.2,0,0,0.0
Sebastien Ibeagha\41ba8175,DF,29,8,3,349,3.9,0,0,0.3
Clément Diop\0d5c0218,GK,27,8,8,720,8.0,0,0,0.0
Toni Datković\0893e14b,DF,27,8,7,582,6.5,0,0,0.1
Sebastian Breza\52e7f812,GK,22,8,8,720,8.0,0,0,0.0
Jamal Blackman\dd26b605,GK,27,8,8,720,8.0,0,0,0.0
Sam Vines\2d6e535f,DF,21,8,8,719,8.0,1,1,0.8
Jackson Conway\1cfa6e1a,FWMF,19,8,2,239,2.7,1,0,1.0
Abu Danladi\507383d1,FWMF,25,8,0,95,1.1,1,0,1.4
Léo Chú\d88ebbe9,FWMF,20,8,0,153,1.7,1,1,0.6
Florian Valot\ad454d78,MFFW,27,9,4,329,3.7,0,0,0.3
Aedan Stanley\61cd3bcf,DF,21,9,2,233,2.6,0,0,0.0
Jack Skahan\9c07bdc7,MFDF,22,9,2,255,2.8,0,0,0.2
Jukka Raitala\67b054d1,DF,32,9,6,544,6.0,0,0,0.0
Chris Odoi-Atsem\375ec69e,DF,25,9,2,376,4.2,0,0,0.1
Christian Mafla\f379bc1e,DF,28,9,7,517,5.7,0,0,0.0
Nicolás Lodeiro\fe81d0d1,MFFW,31,9,4,460,5.1,0,0,0.7
Erik Hurtado\b11e6f2b,FWMF,30,9,3,295,3.3,0,0,1.0
Wilson Harris\ca0756aa,FW,21,9,2,178,2.0,0,0,0.2
Blake Bodily\612a0951,FWDF,23,9,2,205,2.3,0,0,0.2
Grayson Barber\8504b10a,FWMF,20,9,2,218,2.4,0,0,0.2
Jalil Anibaba\e44593b0,DF,32,9,7,635,7.1,1,0,0.3
Machop Malual\1701b012,FW,22,9,4,427,4.7,0,1,0.4
Jürgen Locadia\6cc47ae1,FWMF,27,9,2,364,4.0,1,0,2.5
José Mauri\644faf10,MF,24,9,8,603,6.7,1,1,0.1
McKinze Gaines\8ef72983,FW,22,9,1,212,2.4,1,0,0.8
Mateo Bajamich\d005b036,FWMF,21,9,1,139,1.5,0,1,0.2
Quentin Westberg\5480ae05,GK,34,10,10,900,10.0,0,0,0.0
Amar Sejdic\43ca2019,MF,24,10,5,427,4.7,0,0,0.2
Manny Perez\27162b95,FWMF,21,10,4,377,4.2,0,0,1.5
John Nelson\df8c4d49,DF,22,10,6,555,6.2,0,0,0.0
Jon Kempin\063adc5e,GK,27,10,9,884,9.8,0,0,0.0
Mark-Anthony Kaye\36a38acd,MF,26,10,9,755,8.4,0,0,0.8
Joevin Jones\fc23d956,DF,29,10,5,519,5.8,0,0,0.0
Sami Guediri\e3dc71a7,DF,23,10,2,210,2.3,0,0,0.1
A.J. DeLaGarza\171b3c37,DF,33,10,5,505,5.6,0,0,0.3
Jürgen Damm\bbf8bf7a,FWDF,28,10,1,162,1.8,0,0,0.0
Daniel Crisostomo\33fdd2aa,MF,24,10,5,393,4.4,0,0,0.1
Clement Bayiha\ca9f2034,DF,21,10,2,287,3.2,0,0,0.0
Alexander Alvarado\7302ba2b,FWMF,21,10,2,197,2.2,0,0,0.0
Adalberto Carrasquilla\f087912d,MF,22,10,7,558,6.2,1,0,0.6
Tayvon Gray\c839e1b2,DF,18,10,3,380,4.2,0,1,0.2
Fanendo Adi\ae2dd50a,FW,30,10,1,210,2.3,1,0,1.0
Ramón Ábila\db5ee72d,FW,31,10,1,268,3.0,2,0,2.7
Gabriel Slonina\c55a846e,GK,16,11,11,990,11.0,0,0,0.0
Michael Nelson\f4a12161,GK,25,11,11,990,11.0,0,0,0.0
Zac McGraw\83129dc7,DF,23,11,2,282,3.1,0,0,0.3
Phelipe Megiolaro\73aaa27d,GK,21,11,10,930,10.3,0,1,0.0
Tyler Blackett\a68a5466,DF,26,11,8,775,8.6,1,0,0.4
Steven Beitashour\64f1680a,DF,33,11,6,588,6.5,0,1,0.0
Ralph Priso-Mbongue\acb3e899,MF,18,11,7,570,6.3,1,0,0.1
Kevin Molino\371645ca,FWMF,30,11,7,575,6.4,1,0,1.6
Stanislav Ivanov\0cafba94,FW,21,11,6,518,5.8,0,1,0.4
Jahkeele Marshall-Rutty\b9459f85,FWDF,16,11,4,425,4.7,0,1,0.3
Jeremy Ebobisse\5fa7b2ec,FW,23,11,9,758,8.4,1,1,3.3
Zico Bailey\aa9e1161,DF,20,11,9,683,7.6,1,1,0.2
Nicolas Benezet\30395d3b,FWMF,29,11,1,292,3.2,0,1,0.6
Younes Namli\1a672e2d,MFFW,26,11,6,533,5.9,1,1,0.5
Edward Kizza\2f2c0ab1,FW,22,11,3,265,2.9,0,1,0.7
Tsubasa Endoh\46dca6e8,FWMF,27,11,7,511,5.7,1,1,0.1
Ayo Akinola\214d2406,FW,21,11,8,645,7.2,3,0,2.2
Griffin Yow\ddd5cf39,DFFW,18,11,1,240,2.7,1,1,0.3
Ryan Shawcross\285a3d44,DF,33,12,9,818,9.1,0,0,0.3
Drew Moor\220cf869,DF,37,12,1,310,3.4,0,0,0.0
Matt LaGrassa\c9b098db,MF,28,12,4,371,4.1,0,0,0.2
Anthony Fontana\1f34358e,MFFW,21,12,4,351,3.9,0,0,1.1
Oniel Fisher\ed5fdca6,DF,29,12,5,490,5.4,0,0,0.0
Federico Navarro\61c628be,MF,20,12,10,968,10.8,1,0,0.4
Kieran Gibbs\46ee5234,DF,31,12,10,693,7.7,1,0,0.3
Eddie Munjoma\0e1f6ffa,DF,22,12,5,464,5.2,0,1,0.1
Jon Bell\658a3134,DF,23,12,9,818,9.1,1,2,0.4
Niko Hansen\9bebd450,MFFW,26,12,5,448,5.0,1,1,1.7
Daniel Armando Ríos\078b2c07,FW,25,12,5,373,4.1,1,1,1.5
Emmanuel Boateng\25f77a5f,MFFW,27,12,4,381,4.2,2,3,0.5
Ramón Ábila\db5ee72d,FW,31,12,0,225,2.5,3,0,1.0
Dominique Badji\758ac389,FWMF,28,12,3,328,3.6,5,0,1.6
Freddy Vargas\3c1e61cf,FW,21,13,7,536,6.0,0,0,0.7
Amro Tarek\52c930c0,DF,28,13,10,864,9.6,0,0,0.4
Kamohelo Mokotjo\7832f692,MF,29,13,4,462,5.1,0,0,0.1
Patrick Metcalfe\427e3820,DFMF,22,13,4,366,4.1,0,0,0.1
Nicolas Isimat-Mirin\14e8e9d7,DF,29,13,11,948,10.5,0,0,0.0
Sebastien Ibeagha\41ba8175,DF,29,13,8,662,7.4,0,0,0.2
Scott Caldwell\4a54592d,MF,29,13,2,205,2.3,0,0,0.4
Juan Agudelo\0cb2115f,FWMF,28,13,1,245,2.7,0,0,1.6
Eric Miller\c0593f5d,DF,28,13,12,1052,11.7,0,0,0.2
John McCarthy\249362e9,GK,28,13,12,1141,12.7,0,0,0.0
Carlos Terán\324509e2,DF,20,13,11,976,10.8,1,0,0.4
Brendan Hines-Ike\b807c1dc,DF,26,13,12,1049,11.7,1,0,0.7
Maynor Figueroa\d8524b21,DF,37,13,9,820,9.1,0,1,0.9
Ronald Hernández\de907bab,DF,23,13,8,634,7.0,1,0,0.5
Moussa Djitte\627b570a,FW,21,13,9,604,6.7,1,0,1.1
Gianluca Busio\4a0b7f07,MFFW,18,13,13,1151,12.8,2,2,1.9
Przemysław Frankowski\00a8d210,FWMF,25,13,12,1062,11.8,2,2,3.9
Jeremy Ebobisse\5fa7b2ec,FWMF,23,13,11,944,10.5,4,0,3.9
Santiago Moreno\3261d0e4,FWMF,20,13,3,355,3.9,0,2,0.6
Nicolas Benezet\30395d3b,FWMF,29,13,7,662,7.4,3,1,3.0
Corey Baird\2d0d1442,FW,25,13,9,750,8.3,3,2,2.9
Jarosław Niezgoda\60c659b6,FW,25,13,3,257,2.9,3,1,1.4
Eriq Zavaleta\edbfbb3f,DF,28,14,12,1017,11.3,0,0,0.0
Renzo Zambrano\526bf96c,MF,26,14,6,591,6.6,0,0,0.1
Milton Valenzuela\82318d24,DF,22,14,12,871,9.7,0,0,0.2
Tommy Thompson\5f6c69d8,DF,25,14,12,743,8.3,0,0,0.0
Brandon Servania\4d825a2d,MF,21,14,11,942,10.5,0,0,0.6
Oriol Rosell\2a17ef3e,MF,28,14,6,512,5.7,0,0,0.1
Tosaint Ricketts\54769358,FW,33,14,0,185,2.1,0,0,0.3
Cameron Dunbar\a8734f4a,FWMF,18,14,2,295,3.3,0,0,0.2
Abdoulaye Cissoko\52a6ef30,DF,21,14,12,962,10.7,0,0,0.8
Niko Hämäläinen\4435db1e,DF,23,14,12,1146,12.7,0,0,0.2
Florian Jungwirth\f179c207,DF,32,14,12,1127,12.5,1,0,0.4
Florian Jungwirth\f179c207,DFMF,32,14,13,1090,12.1,0,1,0.7
Edgar Castillo\3cdde01b,DF,34,14,12,976,10.8,1,0,0.4
Lucas Esteves\c6ec0258,DF,20,14,9,927,10.3,1,0,1.9
Noble Okello\6bc16162,MF,20,14,10,852,9.5,0,1,0.2
Dom Dwyer\bdfc15f8,FW,30,14,6,496,5.5,0,1,1.2
Jaylin Lindsey\83cb6e59,DF,20,14,9,919,10.2,2,0,0.7
Eryk Williamson\e0364352,MF,23,14,11,949,10.5,1,2,0.9
Ifunanyachi Achara\d31bf83e,FWMF,23,14,10,821,9.1,2,1,3.1
Paxten Aaronson\4cd41883,MFFW,17,14,5,598,6.6,3,0,1.3
Dejan Joveljić\95a24690,FW,21,14,6,721,8.0,2,2,2.0
Mason Toye\0aa41f67,FW,22,14,10,889,9.9,7,0,6.1
Daniel Royer\a92a4407,FWMF,30,15,3,493,5.5,0,0,2.0
Jacori Hayes\d2173b7b,MF,25,15,7,524,5.8,0,0,0.2
Bryce Duke\59557625,MFFW,19,15,3,461,5.1,0,0,0.2
Przemysław Tytoń\1fa85681,GK,34,15,14,1286,14.3,0,0,0.0
Stefan Cleveland\873fdbdf,GK,26,15,15,1350,15.0,0,0,0.0
Eddie Segura\c70e3fe0,DF,23,15,14,1284,14.3,0,1,0.4
Caio Alexandre\08ac23b7,MF,21,15,11,956,10.6,0,1,0.9
Ján Greguš\7d974435,MF,30,15,9,772,8.6,0,1,0.4
George Campbell\45e1a597,DF,19,15,6,633,7.0,1,0,0.1
Mark-Anthony Kaye\36a38acd,MFFW,26,15,14,1095,12.2,1,1,2.5
Justin Che\3c569f37,DF,17,15,12,1016,11.3,0,3,0.2
Lassi Lappalainen\bcb2282d,DFFW,22,15,7,560,6.2,1,1,1.2
Talles Magno\64c98878,FWMF,18,15,5,450,5.0,2,0,1.6
Brian Rodríguez\c86041d7,FWMF,20,15,13,1019,11.3,4,2,3.5
Luiz Araújo\fa18c72e,FWMF,24,15,13,1148,12.8,4,3,3.7
Kekuta Manneh\4d735ad6,FWMF,26,16,2,344,3.8,0,0,0.8
Aboubacar Keita\85fbf1e4,DF,20,16,10,955,10.6,0,0,0.0
Franco Ibarra\db6540c5,MF,19,16,9,780,8.7,0,0,0.1
Calvin Harris\07b0aeef,MFFW,20,16,4,453,5.0,0,0,0.4
Boniek García\889ce425,DFMF,36,16,6,708,7.9,0,0,0.1
Andrew Brody\33e46323,DF,25,16,12,1077,12.0,0,1,0.1
Collen Warner\75babbce,MF,32,16,11,873,9.7,1,0,0.3
Emmanuel Más\b9385e1f,DF,32,16,7,684,7.6,0,1,0.1
Nick DeLeon\21490b0d,MFFW,30,16,5,631,7.0,1,0,1.4
Cameron Duke\c679d9fd,MFDF,19,16,6,663,7.4,2,0,1.0
Yamil Asad\a444689a,MFFW,26,16,8,650,7.2,2,1,1.8
Jozy Altidore\8db8ad1e,FW,31,16,8,768,8.5,4,0,2.6
Edison Flores\ef2c82f8,FWMF,26,16,11,971,10.8,2,4,3.0
Francisco Ginella\5a28a782,MF,22,17,9,885,9.8,0,0,0.7
Joey DeZart\9d7142a6,MF,22,17,7,565,6.3,0,0,0.1
Elliot Collier\5804f03b,FWMF,25,17,3,335,3.7,0,0,0.9
Vito Wormgoor\31d7acd1,DF,32,17,16,1287,14.3,0,0,0.1
Taylor Washington\480d3bcc,DF,27,17,12,1031,11.5,0,0,0.0
Stefan Frei\1d0a0f3e,GK,34,17,17,1530,17.0,0,0,0.0
Teenage Hadebe\582952f2,DF,25,17,17,1484,16.5,0,1,0.3
Francisco Calvo\706bd23f,DF,28,17,16,1456,16.2,1,0,1.5
Erik Godoy\e8b80334,DF,27,17,15,1308,14.5,1,0,0.5
Jhegson Méndez\db0c5324,MF,23,17,15,1188,13.2,1,0,0.5
Brian Gutiérrez\d88f31db,FWMF,17,17,6,600,6.7,0,1,1.1
Bruno Gaspar\55ae91f0,DF,27,17,11,891,9.9,1,1,1.0
Adrien Perez\298a167b,FWMF,25,17,10,869,9.7,0,2,2.6
Jony\60665492,MFFW,26,17,10,889,9.9,1,3,1.6
Bobby Wood\9853983f,FWMF,28,17,7,620,6.9,2,1,2.1
Sebastián Driussi\60e86875,MFFW,24,17,16,1376,15.3,5,3,5.0
Benjamin Kikanovic\fe11d61b,FW,21,17,9,797,8.9,4,1,3.1
Cristian Arango\fea9401e,FW,25,17,15,1396,15.5,14,2,12.0
Wyatt Omsberg\cd44ba68,DF,25,18,9,755,8.4,0,0,0.4
Emanuel Maciel\934fdf16,MF,23,18,10,878,9.8,0,0,0.2
Adam Esparza\ca135560,MF,18,18,5,672,7.5,0,0,0.2
Sebastian Berhalter\f33ee427,MF,19,18,5,658,7.3,0,0,0.1
Saad Abdul-Salaam\4705543b,DF,29,18,7,929,10.3,0,0,0.1
Josh Williams\06098bfc,DF,32,18,14,1365,15.2,0,0,0.9
Tomas Romero\3349dcba,GK,20,18,18,1620,18.0,0,0,0.0
Facundo Quignon\5b33b84c,MF,27,18,16,1335,14.8,0,0,1.3
Donovan Pines\7bd25363,DF,22,18,16,1383,15.4,0,0,1.2
James Pantemis\901408ac,GK,23,18,18,1620,18.0,0,0,0.0
Aljaž Struna\b82c2982,DF,30,18,16,1433,15.9,1,0,0.2
Erik Holt\3677d047,DF,24,18,14,1355,15.1,1,0,0.6
Pablo Bonilla\da23cdc3,DF,21,18,16,1358,15.1,0,1,0.3
Erik López\af793b82,FWMF,19,18,10,869,9.7,1,0,2.2
Daniel Steres\17c03c76,DF,30,18,13,1137,12.6,0,2,1.3
Ethan Zubak\9f39b6cf,FWMF,22,18,6,671,7.5,1,1,1.3
Mustafa Kizza\4db20877,DF,21,18,7,659,7.3,0,2,0.5
Nigel Robertha\a94bad97,FWMF,22,18,9,943,10.5,4,1,4.2
Yordy Reyna\eec316d9,FWMF,27,18,8,941,10.5,4,1,3.3
Ryan Gauld\862e93c2,MFFW,25,18,13,1308,14.5,4,5,4.6
Daryl Dike\d4cfc93c,FW,20,18,15,1320,14.7,10,1,6.6
Miguel Berry\a5532e80,FW,23,18,9,844,9.4,8,1,5.1
Ariel Lassiter\bd7b916c,FWMF,26,19,4,544,6.0,0,0,1.8
Kenneth Vermeer\22a94b80,GK,35,19,19,1684,18.7,0,0,0.0
Nouhou Tolo\0796512f,DF,23,19,16,1461,16.2,0,0,0.5
Donny Toia\d286f965,DF,28,19,15,1321,14.7,0,0,0.7
Maciel\a39d51e0,MF,21,19,15,1246,13.8,0,0,0.0
Johan Kappelhof\465015a5,DFMF,30,19,16,1228,13.6,0,0,0.4
José Antonio Martínez Gil\8e049cbd,DF,27,19,16,1503,16.7,0,0,0.4
Séga Coulibaly\dab9537e,DF,24,19,17,1421,15.8,0,0,0.2
Frédéric Brillant\5b14180f,DF,35,19,14,1313,14.6,1,0,0.4
Luis Díaz\1c9838aa,FW,22,19,11,984,10.9,1,0,2.5
Moses Nyeman\09d33255,MF,17,19,10,804,8.9,0,1,0.4
Andy Rose\a16d3560,DF,30,19,19,1646,18.3,2,0,0.7
Jack McGlynn\e2b8c25c,MF,17,19,7,638,7.1,0,1,0.7
Cristián Gutiérrez\6e56a4f2,DF,23,19,17,1546,17.2,0,3,0.1
Andrés Reyes\36ab14f5,DF,21,19,17,1415,15.7,2,1,1.2
Mamadou Fall\805a2a11,DF,18,19,16,1508,16.8,4,0,1.8
Alejandro Pozuelo\5e1280ff,MFFW,29,19,14,1349,15.0,1,4,2.7
Diego Rossi\a81dba8c,FW,22,19,18,1653,18.4,6,1,9.1
Arnaud Ake\3402bb17,FWMF,22,19,2,394,4.4,1,1,0.9
Luke Haakenson\77d28e45,MFFW,23,19,3,362,4.0,2,0,1.8
Cory Burke\39fde61c,FWMF,29,19,10,948,10.5,4,2,3.7
Tyler Pasher\3a7bec1b,FW,26,19,9,847,9.4,4,2,1.8
Franco Fragapane\09538c47,FWMF,27,19,19,1531,17.0,5,9,6.1
Romell Quioto\122e850d,FW,29,19,14,1231,13.7,8,5,9.5
Erick Torres\b7f98460,FW,28,20,7,628,7.0,0,0,1.2
Andres Jasson\31d049b2,DFFW,19,20,6,680,7.6,0,0,0.2
Caleb Stanko\381e52af,MFDF,27,20,12,1170,13.0,0,0,0.1
Marcelo Silva\b9596515,DF,31,20,20,1708,19.0,0,0,0.3
Matt Besler\8393a973,DF,33,20,20,1749,19.4,0,0,0.3
Matt Hedges\5e2a4d0e,DF,30,20,16,1439,16.0,1,0,1.0
João Moutinho\a0aee24e,DF,23,20,14,1294,14.4,0,1,0.6
Drew Skundrich\51f50135,MFFW,25,20,11,1149,12.8,0,1,1.3
Derrick Jones\93c92d6c,MF,23,20,14,1128,12.5,0,1,0.0
Nathan Cardoso\d4438745,DF,25,20,20,1725,19.2,2,0,1.6
Jhon Espinoza\79666d5a,DF,21,20,8,813,9.0,0,1,0.8
Jack Maher\0c6f2fa6,DF,21,20,18,1539,17.1,1,1,0.5
Brent Kallman\2b24702b,DF,30,20,13,1274,14.2,2,0,1.0
Griffin Dorsey\c182ca04,FWDF,21,20,17,1482,16.5,2,3,2.4
Cristhian Paredes\0d8a2551,MF,22,20,13,1184,13.2,3,2,2.7
Darwin Quintero\0cc00553,MFFW,33,20,9,1019,11.3,3,2,4.0
Paul Arriola\1bb2acce,FWMF,25,20,19,1355,15.1,6,2,5.3
Jacob Shaffelburg\339a2561,FWMF,21,20,11,994,11.0,3,3,4.2
Carlos Vela\e0cd04e0,FW,31,20,15,1267,14.1,5,5,6.7
Jorge Villafaña\32337fb2,DF,31,21,20,1695,18.8,0,0,0.2
Matheus Rossetto\daf8c775,MF,24,21,15,1403,15.6,0,0,0.3
Bill Hamid\012fc030,GK,30,21,21,1816,20.2,0,0,0.0
Joe Gyau\3511b4f8,DFFW,28,21,18,1661,18.5,0,0,0.5
Michael Baldisimo\894b41c5,MF,20,21,12,1255,13.9,0,0,0.1
Marlon Hairston\1d531c57,MF,26,21,16,1296,14.4,0,1,1.3
Justin Morrow\0bee5512,DF,33,21,9,983,10.9,0,1,0.0
Derrick Williams\c0a28fbd,DF,28,21,20,1667,18.5,0,2,0.9
Bradley Wright-Phillips\9bb42ab8,FW,35,21,6,658,7.3,1,0,1.5
Victor Ulloa\e7056f05,MFDF,28,21,14,1241,13.8,0,2,0.5
Russell Canouse\ec730d9a,MF,25,21,21,1714,19.0,1,2,1.8
Kellyn Acosta\ece10cfe,MFDF,25,21,19,1718,19.1,1,2,1.0
Steve Birnbaum\26637ac8,DF,30,21,18,1617,18.0,2,1,1.4
Marcos López\9b3ab988,DF,21,21,16,1409,15.7,1,2,0.5
Wilfrid Kaptoum\d717630e,MFFW,24,21,11,892,9.9,1,1,0.4
Ryan Raposo\f006a9b3,MFFW,21,21,3,381,4.2,0,1,1.0
Santiago Rodríguez\86dff811,FWMF,21,21,11,985,10.9,3,0,3.9
Lucas Cavallini\dd8de641,FW,28,21,14,1232,13.7,3,1,3.5
Indiana Vassilev\04e195ee,FWMF,19,21,7,801,8.9,3,0,1.6
Thiago\6adb0b79,FW,20,21,9,972,10.8,4,1,2.8
Gyasi Zardes\09ae7f92,FW,29,21,18,1558,17.3,9,0,6.5
Alan Pulido\b3085df7,FW,29,21,15,1449,16.1,8,2,7.9
Quinn Sullivan\92f62cfe,FWMF,16,21,4,538,6.0,2,2,1.2
Javier Hernández\189cee7b,FW,32,21,20,1730,19.2,17,2,13.1
Chris Mavinga\fda36cfb,DF,29,22,21,1674,18.6,0,0,0.7
Nick Marsman\f352799f,GK,30,22,22,1919,21.3,0,0,0.0
Marko Marić\b57454c7,GK,25,22,22,1980,22.0,0,0,0.0
Pedro Gallese\b76e1394,GK,30,22,22,1980,22.0,0,0,0.0
Edwin Cerrillo\bd060315,MF,20,22,16,1389,15.4,0,0,0.1
Allan Cruz\030105a5,MF,24,22,18,1647,18.3,1,0,2.6
Bressan\3db1684c,DF,28,22,20,1746,19.4,1,0,0.9
Sam Junqua\91981d97,DF,24,22,18,1613,17.9,0,1,0.4
Tristan Blackmon\7f35d14e,DF,24,22,15,1296,14.4,1,0,0.4
Paul Marie\da0bb55a,DF,25,22,9,1003,11.1,1,0,0.9
Joel Waterman\47ddcc22,DF,25,22,21,1851,20.6,0,2,0.0
Nkosi Burgess\4a07ae31,DF,23,22,21,1824,20.3,1,1,0.7
Andrew Gutman\b7a23251,DF,24,22,19,1835,20.4,2,1,1.0
George Fochive\f99000bb,MF,28,22,11,1031,11.5,2,0,1.0
Frankie Amaya\2e8bd00c,MF,20,22,10,840,9.3,1,1,0.5
Rayan Raveloson\fb3236a7,MFDF,24,22,22,1928,21.4,5,0,2.4
Jake Mulraney\0f04858e,FWDF,24,22,13,1129,12.5,1,2,2.7
Isaac Atanga\ff0f2a53,FWMF,20,22,12,1024,11.4,1,2,2.5
Nicolás Mezquida\00b629e1,MFFW,29,22,6,661,7.3,1,1,0.8
Rónald Matarrita\491862dd,DF,26,22,22,1964,21.8,2,4,0.6
Omir Fernandez\622986f0,FWMF,21,22,8,773,8.6,3,0,3.5
Jared Stroud\5d018899,FWMF,24,22,13,1164,12.9,1,4,2.3
Daniel Musovski\925a2703,FWMF,25,22,5,715,7.9,4,3,3.9
Ema Twumasi\9ca4b140,DF,23,23,19,1702,18.9,0,0,0.3
Bobby Shuttleworth\4598ac94,GK,33,23,23,2070,23.0,0,0,0.0
Rodrigo Schlegel\5bb02df4,DF,23,23,16,1571,17.5,0,0,0.3
Judson\e1535f82,MFDF,27,23,20,1653,18.4,0,0,0.3
Liam Fraser\d784062b,MF,22,23,11,1139,12.7,0,0,0.2
Waylon Francis\a3a1849f,DF,30,23,14,1344,14.9,0,0,0.0
Claudio Bravo\5619c5e8,DF,23,23,23,2019,22.4,0,1,1.0
Bryan Acosta\c5f400f4,MF,27,23,16,1575,17.5,0,1,1.2
Luciano Abecasis\6c510f2d,DF,30,23,14,1232,13.7,0,2,0.5
Tom Barlow\da4821de,FWMF,25,23,2,499,5.5,1,0,1.7
Ahmed Hamdi\fc7c8d3d,MF,22,23,9,889,9.9,2,0,1.4
Ignacio Aliseda\bb8099ee,FWMF,20,23,16,1594,17.7,4,1,3.8
Dániel Gazdag\527d0e31,MFFW,24,23,17,1332,14.8,4,3,5.6
Ismael Tajouri-Shradi\ef4249ff,FWMF,26,23,14,1230,13.7,7,0,4.8
Jhonder Cádiz\e8edfdc9,FW,25,23,7,689,7.7,2,2,3.8
Robin Lod\33c69aa0,FW,27,23,21,1809,20.1,9,4,8.5
Danny Leyva\ecc3a9c9,MF,17,24,8,869,9.7,0,0,0.2
Leonard Owusu\a06c6c8a,MF,23,24,14,1063,11.8,0,0,0.2
Jimmy Maurer\ca1c6f3d,GK,32,24,24,2130,23.7,0,0,0.0
Steve Clark\ed6320b7,GK,34,24,24,2096,23.3,0,0,0.0
Alex Bono\aa28a396,GK,26,24,24,2160,24.0,0,0,0.0
Joshua Atencio\1f084637,MF,19,24,18,1514,16.8,0,0,0.1
Nicolás Acevedo\6140be7b,MF,21,24,15,1351,15.0,0,0,0.4
Nick Hagglund\39632554,DF,28,24,17,1672,18.6,1,0,0.9
Tanner Beason\3f1b018e,DF,23,24,22,1929,21.4,0,1,1.3
Osvaldo Alonso\8449bfda,MF,35,24,15,1416,15.7,1,0,0.5
José Andrés Martínez\c8364e8e,MF,26,24,23,1953,21.7,0,2,0.4
Lalas Abubakar\4a67f05b,DF,26,24,23,1921,21.3,2,0,0.8
Jorge Figal\91e44066,DF,26,24,23,2010,22.3,1,2,0.9
Guðmundur Þórarinsson\ded30989,DF,28,24,20,1649,18.3,2,2,0.8
Kevin Paredes\5c50fdbc,DFFW,17,24,19,1543,17.1,3,1,2.3
Robbie Robinson\e0dae99f,FWMF,22,24,16,1369,15.2,4,0,5.1
Ruan\f2665f7c,DF,25,24,21,1884,20.9,2,4,1.6
Jonathan Osorio\70106ff6,MFFW,28,24,19,1650,18.3,4,2,4.3
Braian Galván\bbfbd4d3,DFMF,20,24,14,1202,13.4,2,3,0.9
Eduard Atuesta\60990b81,MF,23,24,24,2128,23.6,2,7,2.5
Caden Clark\6e327d0d,MFFW,17,24,17,1502,16.7,4,3,2.4
Will Bruin\87a6ac29,FW,31,24,16,1287,14.3,3,3,3.3
Yeferson Soteldo\bbb6c951,FW,23,24,19,1737,19.3,3,6,5.9
Szabolcs Schön\d5ff481a,FW,20,24,9,950,10.6,0,6,2.7
Josef Martínez\e73f0aa1,FW,27,24,18,1639,18.2,12,0,10.0
Sebastián Blanco\4ddd0834,MFFW,32,24,12,1180,13.1,7,6,5.6
Santiago Sosa\f080dd22,MFDF,21,25,25,2196,24.4,0,0,0.7
Jhohan Romaña\4e32c2d6,DF,22,25,19,1801,20.0,0,0,0.6
Daniel Pereira\b8862e65,MF,20,25,18,1557,17.3,0,0,0.7
David Ochoa\dba6b279,GK,20,25,25,2250,25.0,0,0,0.0
Michael Boxall\6bfa0d3a,DF,32,25,25,2188,24.3,0,1,0.8
Jake Nerwinski\2b5801d0,DF,26,25,19,1721,19.1,1,0,0.8
Adam Lundqvist\91769a24,DF,26,25,22,1942,21.6,0,1,0.4
Everton Luiz\3799e138,MF,32,25,19,1657,18.4,0,1,0.3
Kemar Lawrence\80be3efe,DF,28,25,20,1916,21.3,1,0,0.8
Nick DePuy\ba7b4e67,DF,26,25,18,1861,20.7,0,1,0.9
Brian Anunga\17b28ec7,MF,24,25,17,1511,16.8,1,0,0.8
Darwin Cerén\a58de3f0,MF,31,25,13,1208,13.4,0,1,0.3
Jay Chapman\3bb4d381,MFFW,27,25,13,1188,13.2,0,1,0.4
Gustavo Vallecilla\2ce88662,DF,21,25,25,1997,22.2,2,0,0.8
Oswaldo Alanís\e97787d9,DF,31,25,24,2042,22.7,2,0,2.0
Javain Brown\3d14c62e,DF,21,25,19,1733,19.3,0,2,0.7
Tony Alfaro\4118b12a,DF,27,25,21,1846,20.5,1,1,1.4
Samuel Piette\bc33c73b,MF,26,25,19,1713,19.0,1,1,1.6
Hector Jiménez\2dc1e90e,DF,32,25,19,1617,18.0,1,1,0.7
Rodney Redes\426c3982,FWMF,20,25,5,721,8.0,0,1,1.8
Julián Carranza\3e9ae1db,FWMF,20,25,6,738,8.2,1,0,1.1
Anton Tinnerholm\0fe96099,DF,29,25,23,2009,22.3,0,3,1.0
Alan Franco\a548281c,DF,24,25,23,2013,22.4,0,3,0.4
Gastón Giménez\ab66cc31,MF,29,25,22,1955,21.7,2,1,1.3
Auro\b234cb0e,DFMF,25,25,23,1991,22.1,0,3,0.7
Wikelman Carmona\cab97dd2,MFFW,17,25,15,1229,13.7,1,1,2.3
Walker Zimmerman\220fa883,DF,27,25,22,2042,22.7,3,2,2.2
Patrick Mullins\a03a84d3,FWMF,28,25,9,801,8.9,1,2,1.5
Jimmy Medranda\6f7ac622,DFMF,26,25,15,1293,14.4,4,3,1.5
Ezequiel Barco\7fa737c4,FWMF,21,25,23,2136,23.7,7,6,5.1
Federico Higuaín\ef8fc24c,MFFW,36,25,7,810,9.0,3,4,1.4
James Sands\dccd127f,DFMF,20,26,26,2257,25.1,0,0,0.0
Joseph Mora\2af71023,DF,28,26,16,1531,17.0,0,0,0.2
Andre Blake\b3b21a11,GK,30,26,26,2340,26.0,0,0,0.0
Aníbal Godoy\2d496ca3,MF,30,26,22,2019,22.4,0,1,1.0
Bakaye Dibassy\247accfd,DF,31,26,26,2332,25.9,1,0,1.2
Alexander Callens\af34f10d,DF,28,26,25,2094,23.3,1,0,1.4
Larrys Mabiala\5bdec47f,DF,33,26,21,1838,20.4,0,1,0.8
Jonathan dos Santos\91872dec,MF,30,26,22,1808,20.1,1,0,0.9
Zorhan Bassong\6297d826,DF,21,26,13,1252,13.9,0,1,0.2
Miles Robinson\782a95d9,DF,23,26,25,2295,25.5,1,1,0.8
Alistair Johnston\4fb17e20,DF,22,26,24,2143,23.8,1,1,1.2
Xavier Arreaga\7f2b7640,DF,26,26,25,2162,24.0,2,0,1.7
Christian Makoun\7efffe65,DF,20,26,23,2022,22.5,2,0,1.3
Mathieu Choiniere\017459bb,DF,21,26,24,1982,22.0,2,0,1.2
Harrison Afful\7d8ede09,DF,34,26,21,1814,20.2,0,2,0.5
Graham Zusi\9ba42447,DF,34,26,24,2128,23.6,0,4,0.6
Andy Najar\f8280175,DF,27,26,23,1913,21.3,1,3,1.6
Bjørn Johnsen\02ee4c77,FW,29,26,10,891,9.9,2,0,4.0
Andrés Ricaurte\4db5b8cb,MF,29,26,9,984,10.9,1,2,1.5
Efrain Alvarez\3cd08ab7,FWMF,18,26,16,1252,13.9,2,2,2.7
Sebastian Lletget\73019c31,MFFW,28,26,21,1830,20.3,3,4,2.5
Sunusi Ibrahim\796994e5,FW,18,26,9,914,10.2,4,0,5.4
Adrien Hunou\d14229f3,FW,27,26,22,1707,19.0,7,1,10.2
Sergio Santos Gomes\a930b263,FWMF,26,26,17,1363,15.1,6,1,6.7
Diego Rubio\3f082234,FWMF,27,26,19,1656,18.4,5,4,5.9
Gadi Kinda\d4a2f24c,MFFW,26,26,24,2030,22.6,5,6,6.2
Raúl Ruidíaz\7a4296e1,FW,30,26,24,2147,23.9,17,0,15.4
Maxime Crépeau\ea42e480,GK,26,27,27,2430,27.0,0,0,0.0
Kamal Miller\0646bd8a,DF,23,27,26,2378,26.4,1,0,0.5
Ranko Veselinović\366609b6,DF,21,27,22,1996,22.2,1,0,1.6
Kyle Smith\9e6b2ec3,DF,29,27,21,1793,19.9,1,0,0.9
Shane O'Neill\a62a56b4,DF,27,27,19,1856,20.6,1,0,0.5
Nick Besler\cc9fa1a8,MF,27,27,18,1647,18.3,0,1,0.4
Raheem Edwards\b828d56a,DFMF,25,27,15,1376,15.3,0,1,3.2
Victor Wanyama\e0900238,MF,29,27,27,2361,26.2,2,0,2.8
Tom Edwards\1b780599,DF,22,27,25,1950,21.7,0,2,0.4
Bill Tuiloma\bf547c54,DF,25,27,19,1808,20.1,1,1,1.2
Andrés Perea\7e1dbecf,MFFW,20,27,16,1736,19.3,2,0,2.0
Diego Palacios\6ec37f2e,DFMF,21,27,19,1756,19.5,0,2,0.7
Kim Moonhwan\6bce7dd8,DF,25,27,19,1784,19.8,1,1,1.4
Fabian Herbers\5cbf5ccd,MFFW,27,27,22,1829,20.3,0,2,2.6
Richie Laryea\276fdbe4,DFFW,26,27,26,2292,25.5,3,0,3.1
Omar Gonzalez\0d2fe665,DF,32,27,26,2298,25.5,3,0,1.4
Shea Salinas\4c10838d,DFFW,34,27,14,1395,15.5,0,2,2.5
Daniel Lovitz\db97d838,DF,29,27,26,2307,25.6,0,4,0.7
Alfredo Morales\ff45add5,MFDF,30,27,20,1783,19.8,0,4,1.2
Felipe\2415bd0a,MF,30,27,9,1131,12.6,1,2,0.8
Jon Gallagher\9d5afdfb,FWMF,24,27,13,1270,14.1,3,1,4.1
Jamiro Monteiro\d384bddd,MFFW,27,27,26,2296,25.5,2,6,2.7
Rodolfo Pizarro\4b49ed54,FWMF,26,27,20,1693,18.8,3,4,2.9
Brad Smith\c76c717c,DF,26,27,20,1627,18.1,3,4,2.0
Cristian Cásseres Jr.\f86fe8c1,MFFW,21,27,24,2060,22.9,6,3,3.3
Marvin Loría\71380d87,FWMF,23,27,14,1109,12.3,2,3,2.1
Silvester van der Water\5d83500d,FWMF,24,27,12,978,10.9,3,2,3.0
Jonathan Lewis\2501eb59,FWMF,23,27,12,1304,14.5,7,1,7.3
Luka Stojanović\1a892191,MF,27,27,15,1347,15.0,8,1,5.6
Jesus Ferreira\f61246d8,MF,20,27,26,2241,24.9,8,8,6.7
Tajon Buchanan\3aca6420,MFFW,21,27,19,1745,19.4,8,5,4.9
Brian White\54c948de,FW,24,27,23,1915,21.3,12,5,9.1
Alexandru Mățan\3bd3bcc4,FWMF,21,28,9,802,8.9,0,0,1.5
Matt Turner\4a51ba65,GK,26,28,28,2520,28.0,0,0,0.0
Tim Melia\cc741f50,GK,34,28,28,2520,28.0,0,0,0.0
Sean Nealis\8c1b17b3,DF,24,28,28,2430,27.0,1,0,2.1
Henry Kessler\23c75879,DF,22,28,25,2239,24.9,1,0,0.9
Miguel Navarro\3fbff39a,DF,21,28,25,2223,24.7,0,2,0.5
John Tolkin\5e88c524,DFMF,18,28,22,1989,22.1,1,1,0.9
Dax McCarty\b74e58c0,MF,33,28,24,2063,22.9,0,2,0.7
Nick Lima\959686eb,DF,26,28,21,1999,22.2,0,2,0.5
Rémi Walter\0984c5d5,MF,25,28,23,1894,21.0,1,1,1.3
Robin Jansson\8ca5c176,DF,29,28,26,2425,26.9,3,0,1.0
Diego Chará\6260cc9d,MF,34,28,27,2449,27.2,2,1,0.4
Geoff Cameron\1a160ea3,DF,35,28,26,2367,26.3,0,3,0.8
Junior Moreno\5dcb4ac4,MF,27,28,25,2144,23.8,1,2,0.5
Boris Sekulić\adf26bd4,DF,29,28,27,2307,25.6,2,4,0.9
Maikel Chang\04cc9edd,DFMF,29,28,12,1089,12.1,2,1,1.2
Kevin Cabral\42af215b,FWMF,21,28,24,1993,22.1,5,2,8.5
Cristian Roldan\48875649,MFFW,25,28,27,2358,26.2,6,5,6.3
Joaquín Torres\c82dcb70,FWMF,24,28,22,1887,21.0,4,5,3.7
Víctor Vázquez\6c564d36,MFFW,34,28,21,1625,18.1,3,5,1.7
Carlos Fierro\bbd2b6b7,FWMF,26,28,12,1160,12.9,3,3,4.3
Carles Gil\11c30a46,MF,28,28,24,2284,25.4,4,11,5.3
Nani\15e9c7e6,FWMF,34,28,22,1831,20.3,10,7,6.2
Ola Kamara\e134351a,FW,31,28,22,1814,20.2,19,4,16.3
Eric Remedi\38e2cbd6,MF,25,29,26,2360,26.2,0,0,0.3
Kelvin Leerdam\d8b47705,DF,30,29,18,1706,19.0,0,0,0.3
Yuya Kubo\cba16a46,MF,27,29,29,2344,26.0,0,0,0.5
Brad Guzan\d899e3bf,GK,36,29,29,2610,29.0,0,0,0.0
Marco Farfan\cfc68595,DF,22,29,21,1754,19.5,0,0,0.5
Sean Johnson\c164335e,GK,31,29,29,2610,29.0,0,1,0.0
Zarek Valentin\f0d23e7b,DF,29,29,28,2397,26.6,0,1,0.1
Mauricio Pineda\e0c17cde,DFMF,23,29,28,2405,26.7,1,0,1.4
Danny Wilson\9cfe9254,DF,29,29,29,2450,27.2,2,0,1.3
Romain Métanire\0fb21da9,DF,30,29,29,2558,28.4,0,2,0.5
Jonathan Mensah\8087e6cb,DF,30,29,28,2538,28.2,2,0,1.8
Antonio Carlos\949fe1e8,DF,27,29,28,2413,26.8,2,0,0.9
Pablo Ruíz\7368cd70,MF,22,29,24,2054,22.8,0,2,1.3
Jackson Yueill\7dce16bf,MF,23,29,28,2557,28.4,3,0,3.5
Dru Yearwood\2eb09121,MF,20,29,18,1689,18.8,1,1,1.3
Gregore\49815f34,MF,26,29,29,2535,28.2,0,3,0.4
Hassani Dotson\8f2af1ed,MFFW,23,29,26,2371,26.3,2,2,3.8
Brandon Bye\9fcd12af,DF,25,29,27,2479,27.5,2,2,1.7
George Bello\aca0a525,DF,19,29,26,2435,27.1,1,3,3.2
Alex Roldan\1255a82a,DF,24,29,26,2270,25.2,1,3,0.4
Haris Medunjanin\de5d5d41,MF,35,29,18,1548,17.2,3,0,0.7
Diego Valeri\31da63ad,MFFW,34,29,10,1231,13.7,2,1,4.2
Derrick Etienne\59059f1e,FWMF,24,29,21,1841,20.5,1,4,2.2
Teal Bunbury\3077fce8,FWMF,30,29,12,1143,12.7,3,0,4.3
Mauricio Pereyra\f45eb18d,MF,30,29,26,2157,24.0,1,7,2.3
Emanuel Reynoso\614b26e3,MFFW,25,29,28,2381,26.5,5,4,5.6
Aaron Herrera\d86e3070,DF,23,29,29,2509,27.9,1,10,1.1
Arnór Ingvi Traustason\7d036b4a,MFFW,27,29,19,1451,16.1,2,5,3.8
Chris Mueller\a5334099,FWMF,24,29,18,1641,18.2,3,6,3.2
Fredy Montero\bc5b5be5,FWMF,33,29,15,1477,16.4,7,3,5.9
Patryk Klimala\0bf3c11c,FW,22,29,26,2079,23.1,8,6,13.7
Franco Jara\413cce14,FW,32,29,12,1262,14.0,7,2,8.5
Felipe Mora\f4b0ea46,FW,27,29,22,2021,22.5,11,4,11.5
Eloy Room\6b33d86b,GK,31,30,30,2700,30.0,0,0,0.0
Tyler Miller\7827a6b3,GK,27,30,30,2700,30.0,0,0,0.0
Maxime Chanot\ca366055,DF,31,30,29,2603,28.9,0,0,1.1
Jonathan Bornstein\79a6c95f,DF,36,30,25,2219,24.7,0,0,0.2
Chase Gasper\7371ec36,DF,25,30,30,2627,29.2,1,0,1.6
Ilie Sánchez\72979f65,DFMF,30,30,27,2508,27.9,1,0,1.1
Joe Corona\470cd24b,MF,30,30,19,1732,19.2,0,1,1.3
Keegan Rosenberry\f940c69e,DF,27,30,30,2666,29.6,2,0,1.1
Matt Polster\d1d418f8,MF,27,30,27,2277,25.3,2,0,1.2
Leandro González Pirez\5ba1112c,DF,28,30,30,2655,29.5,0,3,1.2
Brek Shea\adb6ae24,DFFW,30,30,17,1676,18.6,2,0,2.4
Olivier Mbaizo\f6315619,DF,23,30,28,2484,27.6,0,3,0.2
Marky Delgado\7f6a25b7,MFFW,25,30,27,2370,26.3,3,0,2.3
Žan Kolmanič\4501fd21,DF,20,30,23,2105,23.4,0,3,0.4
Júnior Urso\b40424f1,MF,31,30,29,2485,27.6,4,0,3.9
Matías Vera\fe529f25,MF,25,30,29,2451,27.2,3,1,3.1
Latif Blessing\5153d32e,MFDF,24,30,25,2204,24.5,2,2,2.8
Zachary Brault-Guillard\948a58c2,DF,22,30,23,2050,22.8,2,2,1.5
Ethan Finlay\c16a59af,FW,30,30,19,1720,19.1,3,2,3.3
Ryan Hollingshead\28b58797,DF,29,30,30,2668,29.6,3,5,2.8
Maximiliano Urruti\6c8fb474,FW,29,30,25,2240,24.9,7,1,6.7
Jack Price\6217c92d,MF,28,30,30,2531,28.1,0,12,0.6
Yimmi Chará\9df9baab,FWMF,29,30,29,2313,25.7,6,5,4.9
Maximiliano Moralez\f99f37fc,MFFW,33,30,27,2383,26.5,3,11,6.2
Fábio\30f90535,FWMF,23,30,25,2188,24.3,7,6,8.6
Gonzalo Higuaín\8a08491a,FW,33,30,28,2448,27.2,12,7,11.1
Anderson Julio\f907a6a8,FWMF,24,30,10,1026,11.4,8,1,7.1
Dániel Sallói\6fcddf5f,FW,24,30,26,2453,27.3,16,7,11.3
Johnny Russell\a30e1562,FW,30,30,26,2221,24.7,15,7,9.1
Gustavo Bou\3dfcc735,FW,30,30,25,2319,25.8,15,9,10.7
Andrés Ríos\f825bd33,FWMF,31,31,8,960,10.7,0,0,2.4
Jonathan Bond\c3a86eea,GK,27,31,31,2790,31.0,0,0,0.0
Justen Glad\5b768b0f,DF,23,31,31,2786,31.0,2,0,1.4
Dario Župarić\c6f99e42,DF,28,31,30,2700,30.0,0,2,0.5
Wil Trapp\9bf9391c,MF,28,31,31,2729,30.3,1,1,0.6
Rudy Camacho\6ad16d47,DF,29,31,31,2743,30.5,3,0,1.2
Julio Cascante\cc120b4f,DF,27,31,27,2416,26.8,2,1,1.5
Paxton Pomykal\c1f0fb45,FWMF,21,31,18,1516,16.8,1,1,1.6
Tomas Pochettino\fb36aa6b,MFFW,24,31,26,2221,24.7,2,1,3.9
Memo Rodriguez\fc6c6b2b,MFFW,25,31,18,1564,17.4,2,1,3.6
Keaton Parks\77986763,MF,23,31,28,2437,27.1,4,1,2.3
Khiry Shelton\f935709c,FW,27,31,25,2228,24.8,3,2,4.8
Alexander Ring\6c1221d6,MF,29,31,31,2701,30.0,4,3,3.5
DeJuan Jones\10d1139c,DF,23,31,29,2544,28.3,3,4,2.1
João Paulo Mior\b96aa1d6,MF,29,31,28,2536,28.2,3,8,1.7
Sacha Kljestan\73682895,MFFW,35,31,13,1402,15.6,5,1,4.1
Justin Meram\ae34c71d,FWMF,32,31,15,1397,15.5,2,5,1.9
Luciano Acosta\363ba6d7,MF,26,31,30,2694,29.9,7,8,5.8
Fafà Picault\dbaa10c0,FWMF,29,31,29,2459,27.3,11,4,9.3
Randall Leal\874a5031,MFFW,24,31,25,2151,23.9,8,7,4.0
Ricardo Pepi\a2b1ed42,FW,18,31,24,2092,23.2,13,2,9.7
Brandon Vazquez\c570cf22,FW,22,31,6,851,9.5,4,3,4.0
Adam Buksa\3b676989,FW,24,31,21,2079,23.1,16,3,16.3
Hany Mukhtar\87fe8526,FWMF,25,31,28,2496,27.7,16,10,10.8
Jesús David Murillo Largacha\68d48a71,DF,26,32,32,2742,30.5,0,0,0.8
Roger Espinoza\60b7c195,MF,34,32,24,2091,23.2,0,1,2.3
Blaise Matuidi\c0cddebe,MF,33,32,27,2284,25.4,1,1,0.4
Alejandro Bedoya\9a6f8dfd,MF,33,32,30,2652,29.5,3,0,4.4
Michael Bradley\fd5e3a73,MFDF,33,32,30,2690,29.9,1,3,1.0
Brooks Lennon\ec80ba72,DF,23,32,30,2647,29.4,0,4,1.0
Kyle Duncan\575e6cb1,DF,23,32,27,2600,28.9,1,3,1.3
Thomas McNamara\ab36595d,MF,29,32,21,1967,21.9,2,2,2.7
Julian Araujo\8f4541c2,DF,19,32,32,2793,31.0,0,6,0.5
Alex Muyl\2c1025bf,MFFW,25,32,16,1539,17.1,3,1,2.3
Malte Amundsen\83b6e15d,DF,22,32,14,1394,15.5,1,3,0.5
Cole Bassett\2c8da8a1,MFFW,19,32,23,2210,24.6,5,3,8.2
Pedro Santos\789da0f2,FWDF,32,32,30,2553,28.4,4,6,5.7
Álvaro Medrán\31223bcf,MF,26,32,26,2285,25.4,3,6,2.8
Chris Wondolowski\37f46eda,FWMF,38,32,9,1258,14.0,5,0,6.7
Andre Shinyashiki\8c395868,FWMF,25,32,18,1429,15.9,4,2,5.8
José Cifuentes\8c8c07a7,MF,21,32,26,2317,25.7,5,5,6.2
Cristian Espinoza\9c794a80,FWMF,25,32,28,2227,24.7,3,8,5.2
Marcelino Moreno\058c938c,MFFW,26,32,30,2586,28.7,9,4,8.1
Lucas Zelarayán\3ce30893,MF,28,32,28,2622,29.1,12,4,6.5
Tesho Akindele\897304e5,FW,28,32,15,1368,15.2,3,6,6.1
Javier Eduardo López\f851b52f,MFFW,26,32,31,2253,25.0,12,3,6.0
Valentín Castellanos\da76bab4,FW,22,32,32,2749,30.5,19,8,21.4
William Yarbrough\ec646e88,GK,31,33,33,2970,33.0,0,0,0.0
Brad Stuver\6a1940d5,GK,29,33,33,2970,33.0,0,0,0.0
Andreu Fontàs\0f138d5a,DF,31,33,33,2970,33.0,0,0,1.9
Andrew Farrell\71eda165,DF,28,33,33,2970,33.0,0,0,0.1
Auston Trusty\cddf767b,DF,22,33,33,2970,33.0,1,0,1.2
J.T. Marcinkowski\977791f4,GK,23,33,33,2970,33.0,0,1,0.0
Yeimar Gómez Andrade\e43c8d72,DF,28,33,29,2660,29.6,1,0,1.2
David Romney\b7b6e781,DF,27,33,33,2970,33.0,0,2,1.3
José Van Rankin\09ce2ebe,DF,27,33,27,2448,27.2,0,2,1.2
Janio Bikel\7d944245,MF,25,33,26,2307,25.6,1,1,0.4
Jack Elliott\041deebd,DF,25,33,33,2970,33.0,2,1,3.4
Anton Walkes\8a062bba,DF,23,33,32,2773,30.8,2,1,0.9
Russell Teibert\674befe9,MF,28,33,29,2414,26.8,1,2,0.3
Darlington Nagbe\6219c704,MF,30,33,33,2907,32.3,2,3,1.5
Kai Wagner\fdc715d9,DF,23,33,31,2838,31.5,3,4,1.1
Álvaro Barreal\ffca53e1,FWMF,20,33,26,2206,24.5,3,3,4.5
Brenner\279508bf,FW,21,33,33,2784,30.9,8,1,9.7
Diego Fagúndez\fe81682e,MFFW,25,33,30,2528,28.1,7,4,5.9
Deiber Caicedo\9bfa2f52,FWMF,20,33,24,2253,25.0,5,5,6.2
Robert Berić\9001138b,FW,29,33,26,2196,24.4,8,2,11.1
Jesús Medina\7c4628c4,FWMF,23,33,27,2254,25.0,9,2,8.5
Cristián Dajome\a065e877,FWDF,27,33,31,2671,29.7,10,4,9.3
Cade Cowell\f8e95f87,FWMF,17,33,14,1671,18.6,5,5,4.8
Michael Barrios\df782c79,FWMF,29,33,25,2093,23.3,8,5,6.2
C.J. Sapong\ef4e4c5d,FW,32,33,27,2207,24.5,12,4,9.4
Damir Kreilach\068be155,MFFW,31,33,32,2874,31.9,16,8,10.3
Tim Parker\4988a44d,DF,27,34,34,3060,34.0,0,0,1.2
Sean Davis\cb75cac9,MF,27,34,34,3060,34.0,0,0,0.4
Carlos Coronel\5c07e176,GK,24,34,34,3060,34.0,0,0,0.0
Joe Willis\467f09c8,GK,32,34,34,3060,34.0,0,1,0.0
Leon Flach\39859fa1,MF,19,34,31,2637,29.3,1,1,1.5
Kelyn Rowe\cf928adb,MFDF,29,34,24,2207,24.5,1,1,1.8
Lewis Morgan\b675e328,FWDF,24,34,34,2820,31.3,2,1,3.3
Luís Martins\56b7c09b,DF,28,34,33,2956,32.8,1,3,0.8
Jakob Glesnes\ac65aef3,DF,26,34,34,3060,34.0,3,2,1.3
Chinonso Nnamdi Offor\dc590664,FW,20,34,11,1320,14.7,1,2,3.5
Samuel Grandsir\d2448564,FWMF,24,34,24,2077,23.1,3,3,5.2
Benji Michel\151ca25f,FWMF,23,34,19,1871,20.8,4,3,5.4
Julian Gressel\acd47bc0,DF,27,34,31,2690,29.9,2,9,3.2
Cecilio Domínguez\3162d667,FW,26,34,29,2369,26.3,7,3,9.5
Jáder Obrian\1471b2a8,FW,25,34,25,2181,24.2,9,3,6.7
Kacper Przybyłko\4c53a714,FW,27,34,29,2651,29.5,12,3,11.4
Rubio Rubin\9bad7100,FW,24,34,25,2233,24.8,8,5,9.8
Albert Rusnák\0adeafaa,MFFW,26,34,34,3043,33.8,11,7,8.2
Djordje Mihailovic\83cf9719,MFFW,22,34,32,2796,31.1,4,13,5.3
Dairon Asprilla\218d336c,FWMF,28,34,25,2088,23.2,10,3,6.8